customer_id,last_purchase,recency,frequency,monetary,r_score,f_score,m_score,rfm_score,segment
c517,2024-12-28T00:00:00.000000,3,55,16845,543,47,492,1082,Potential Loyalists
c840,2024-12-29T00:00:00.000000,2,73,24627,874,65,806,1745,Champions
c994,2024-12-30T00:00:00.000000,1,63,18437,638,55,581,1274,Loyal Customers
c607,2024-12-27T00:00:00.000000,4,64,20886,755,56,694,1505,Champions
c105,2024-12-15T00:00:00.000000,16,61,20239,745,53,675,1473,Loyal Customers
c388,2024-12-27T00:00:00.000000,4,56,17994,608,48,555,1211,Loyal Customers
c793,2024-12-26T00:00:00.000000,5,53,16647,533,45,482,1060,Potential Loyalists
c708,2024-12-26T00:00:00.000000,5,51,14949,426,43,377,846,Potential Loyalists
c366,2024-12-12T00:00:00.000000,19,16,4934,46,8,18,72,At Risk
c324,2024-12-31T00:00:00.000000,0,35,9865,144,27,116,287,At Risk
c673,2024-12-24T00:00:00.000000,7,34,10466,173,26,139,338,At Risk
c940,2024-12-24T00:00:00.000000,7,54,16896,550,46,496,1092,Potential Loyalists
c745,2024-12-18T00:00:00.000000,13,60,18340,642,52,576,1270,Loyal Customers
c832,2024-12-30T00:00:00.000000,1,58,18942,663,50,611,1324,Loyal Customers
c36,2024-12-08T00:00:00.000000,23,48,16202,515,40,451,1006,Potential Loyalists
c446,2024-12-08T00:00:00.000000,23,22,6578,73,14,35,122,At Risk
c914,2024-12-02T00:00:00.000000,29,24,8776,133,16,87,236,At Risk
c149,2024-12-26T00:00:00.000000,5,37,10563,177,29,142,348,At Risk
c222,2024-12-25T00:00:00.000000,6,51,18049,610,43,560,1213,Loyal Customers
c887,2024-12-25T00:00:00.000000,6,29,8921,120,21,92,233,At Risk
c391,2024-12-24T00:00:00.000000,7,34,10666,177,26,143,346,At Risk
c24,2024-12-28T00:00:00.000000,3,74,26076,907,66,837,1810,Champions
c503,2024-11-22T00:00:00.000000,39,22,6978,95,14,41,150,At Risk
c520,2024-12-26T00:00:00.000000,5,50,17050,556,42,508,1106,Potential Loyalists
c546,2024-12-30T00:00:00.000000,1,56,19594,697,48,647,1392,Loyal Customers
c10,2024-12-25T00:00:00.000000,6,24,6326,56,16,33,105,At Risk
c570,2024-12-29T00:00:00.000000,2,79,26721,922,71,848,1841,Champions
c7,2024-12-31T00:00:00.000000,0,36,11014,188,28,159,375,At Risk
c12,2024-12-19T00:00:00.000000,12,97,32253,983,87,883,1953,Champions
c80,2024-12-30T00:00:00.000000,1,51,15799,474,43,429,946,Potential Loyalists
c531,2024-11-30T00:00:00.000000,31,63,21337,801,55,714,1570,Champions
c825,2024-12-22T00:00:00.000000,9,22,7128,69,14,45,128,At Risk
c475,2024-12-31T00:00:00.000000,0,59,21291,763,51,711,1525,Champions
c71,2024-12-22T00:00:00.000000,9,56,17894,604,48,546,1198,Potential Loyalists
c361,2024-12-31T00:00:00.000000,0,32,10318,156,24,131,311,At Risk
c181,2024-12-16T00:00:00.000000,15,31,10419,175,23,136,334,At Risk
c331,2024-12-30T00:00:00.000000,1,62,20388,735,54,679,1468,Loyal Customers
c123,2024-12-30T00:00:00.000000,1,62,21638,780,54,724,1558,Champions
c483,2024-12-31T00:00:00.000000,0,64,19886,718,56,661,1435,Loyal Customers
c279,2024-12-31T00:00:00.000000,0,49,14951,420,41,378,839,Potential Loyalists
c63,2024-12-30T00:00:00.000000,1,46,16504,513,38,473,1024,Potential Loyalists
c58,2024-12-11T00:00:00.000000,20,23,8177,100,15,64,179,At Risk
c94,2024-12-26T00:00:00.000000,5,37,12313,260,29,225,514,At Risk
c667,2024-12-31T00:00:00.000000,0,56,16494,518,48,469,1035,Potential Loyalists
c172,2024-12-28T00:00:00.000000,3,25,8175,84,17,63,164,At Risk
c891,2024-12-29T00:00:00.000000,2,66,21834,790,58,729,1577,Champions
c21,2024-12-19T00:00:00.000000,12,51,16499,527,43,471,1041,Potential Loyalists
c508,2024-12-28T00:00:00.000000,3,33,12067,245,25,216,486,At Risk
c52,2024-12-28T00:00:00.000000,3,92,29308,962,84,874,1920,Champions
c978,2024-12-31T00:00:00.000000,0,26,8774,105,18,86,209,At Risk
c900,2024-12-08T00:00:00.000000,23,62,22488,827,54,749,1630,Champions
c429,2024-12-14T00:00:00.000000,17,55,17445,592,47,527,1166,Potential Loyalists
c787,2024-12-24T00:00:00.000000,7,56,17644,591,48,535,1174,Potential Loyalists
c618,2024-12-26T00:00:00.000000,5,37,11813,234,29,199,462,At Risk
c834,2024-12-16T00:00:00.000000,15,28,9372,142,20,106,268,At Risk
c291,2024-12-28T00:00:00.000000,3,55,17945,603,47,552,1202,Loyal Customers
c922,2024-12-26T00:00:00.000000,5,61,18489,644,53,585,1282,Loyal Customers
c636,2024-12-22T00:00:00.000000,9,42,13558,327,34,283,644,Potential Loyalists
c778,2024-12-26T00:00:00.000000,5,66,20584,750,58,686,1494,Loyal Customers
c973,2024-12-11T00:00:00.000000,20,50,16850,557,42,494,1093,Potential Loyalists
c151,2024-12-18T00:00:00.000000,13,21,7229,73,13,46,132,At Risk
c837,2024-12-19T00:00:00.000000,12,36,12214,260,28,219,507,At Risk
c163,2024-12-23T00:00:00.000000,8,70,20180,745,62,674,1481,Loyal Customers
c727,2024-12-27T00:00:00.000000,4,42,13758,333,34,294,661,Potential Loyalists
c836,2024-12-30T00:00:00.000000,1,63,20787,749,55,692,1496,Loyal Customers
c864,2024-12-30T00:00:00.000000,1,58,19092,670,50,618,1338,Loyal Customers
c173,2024-12-31T00:00:00.000000,0,60,17840,594,52,541,1187,Potential Loyalists
c53,2024-12-25T00:00:00.000000,6,58,17192,573,50,516,1139,Potential Loyalists
c393,2024-12-20T00:00:00.000000,11,34,10416,173,26,135,334,At Risk
c639,2024-12-29T00:00:00.000000,2,51,15649,464,43,418,925,Potential Loyalists
c643,2024-12-29T00:00:00.000000,2,43,12757,282,35,244,561,At Risk
c838,2024-11-28T00:00:00.000000,33,51,16549,553,43,476,1072,Potential Loyalists
c384,2024-12-22T00:00:00.000000,9,62,21238,771,54,707,1532,Champions
c62,2024-12-06T00:00:00.000000,25,46,15154,454,38,390,882,Potential Loyalists
c60,2024-12-25T00:00:00.000000,6,45,15605,460,37,416,913,Potential Loyalists
c611,2024-12-21T00:00:00.000000,10,43,15157,439,35,393,867,Potential Loyalists
c253,2024-12-25T00:00:00.000000,6,71,23329,848,63,778,1689,Champions
c360,2024-12-28T00:00:00.000000,3,51,16549,523,43,476,1042,Potential Loyalists
c46,2024-12-06T00:00:00.000000,25,52,16048,516,44,446,1006,Potential Loyalists
c135,2024-12-27T00:00:00.000000,4,63,18937,669,55,609,1333,Loyal Customers
c270,2024-12-22T00:00:00.000000,9,69,21031,772,61,701,1534,Champions
c877,2024-12-30T00:00:00.000000,1,28,8472,98,20,76,194,At Risk
c921,2024-12-30T00:00:00.000000,1,30,10070,149,22,125,296,At Risk
c252,2024-12-29T00:00:00.000000,2,20,6280,47,12,32,91,At Risk
c195,2024-12-30T00:00:00.000000,1,53,17197,566,45,519,1130,Potential Loyalists
c574,2024-12-30T00:00:00.000000,1,72,23828,858,64,792,1714,Champions
c603,2024-12-30T00:00:00.000000,1,53,14647,407,45,360,812,Potential Loyalists
c629,2024-12-09T00:00:00.000000,22,57,18293,645,49,573,1267,Loyal Customers
c221,2024-12-25T00:00:00.000000,6,43,14107,365,35,323,723,Potential Loyalists
c893,2024-12-28T00:00:00.000000,3,37,12513,269,29,236,534,At Risk
c319,2024-12-29T00:00:00.000000,2,39,11411,210,31,176,417,At Risk
c255,2024-12-10T00:00:00.000000,21,39,12861,305,31,252,588,At Risk
c376,2024-12-26T00:00:00.000000,5,64,19386,692,56,630,1378,Loyal Customers
c776,2024-12-05T00:00:00.000000,26,37,13563,341,29,285,655,Potential Loyalists
c880,2024-12-29T00:00:00.000000,2,78,27522,929,70,856,1855,Champions
c666,2024-12-30T00:00:00.000000,1,34,10466,167,26,139,332,At Risk
c398,2024-11-26T00:00:00.000000,35,46,14154,399,38,325,762,Potential Loyalists
c862,2024-12-28T00:00:00.000000,3,47,14303,379,39,336,754,Potential Loyalists
c454,2024-12-30T00:00:00.000000,1,54,18046,607,46,559,1212,Loyal Customers
c608,2024-12-24T00:00:00.000000,7,57,18343,636,49,579,1264,Loyal Customers
c925,2024-12-31T00:00:00.000000,0,30,9620,134,22,111,267,At Risk
c933,2024-11-21T00:00:00.000000,40,58,17942,642,50,551,1243,Loyal Customers
c444,2024-12-31T00:00:00.000000,0,34,10166,156,26,129,311,At Risk
c453,2024-12-15T00:00:00.000000,16,34,11366,218,26,175,419,At Risk
c767,2024-12-28T00:00:00.000000,3,46,15804,474,38,432,944,Potential Loyalists
c338,2024-12-27T00:00:00.000000,4,55,17595,585,47,533,1165,Potential Loyalists
c846,2024-12-31T00:00:00.000000,0,89,27311,933,81,851,1865,Champions
c739,2024-12-29T00:00:00.000000,2,42,12858,288,34,251,573,At Risk
c208,2024-12-26T00:00:00.000000,5,26,7274,71,18,47,136,At Risk
c765,2024-12-18T00:00:00.000000,13,41,14659,413,33,366,812,Potential Loyalists
c129,2024-12-18T00:00:00.000000,13,40,12460,280,32,234,546,At Risk
c69,2024-12-31T00:00:00.000000,0,52,16298,499,44,454,997,Potential Loyalists
c410,2024-12-05T00:00:00.000000,26,32,9668,163,24,112,299,At Risk
c128,2024-12-11T00:00:00.000000,20,51,17149,579,43,515,1137,Potential Loyalists
c986,2024-12-30T00:00:00.000000,1,32,9518,134,24,108,266,At Risk
c805,2024-12-29T00:00:00.000000,2,55,16545,524,47,474,1045,Potential Loyalists
c358,2024-12-15T00:00:00.000000,16,38,13212,315,30,268,613,Potential Loyalists
c223,2024-12-26T00:00:00.000000,5,60,19740,714,52,656,1422,Loyal Customers
c898,2024-12-28T00:00:00.000000,3,36,12514,269,28,237,534,At Risk
c701,2024-12-29T00:00:00.000000,2,82,25118,894,74,817,1785,Champions
c458,2024-12-09T00:00:00.000000,22,41,12709,298,33,242,573,At Risk
c672,2024-12-21T00:00:00.000000,10,36,12314,265,28,226,519,At Risk
c369,2024-12-21T00:00:00.000000,10,68,22282,812,60,741,1613,Champions
c170,2024-12-31T00:00:00.000000,0,52,17148,559,44,514,1117,Potential Loyalists
c313,2024-12-20T00:00:00.000000,11,63,20987,767,55,700,1522,Champions
c675,2024-12-25T00:00:00.000000,6,63,18937,671,55,609,1335,Loyal Customers
c593,2024-12-31T00:00:00.000000,0,54,19646,699,46,652,1397,Loyal Customers
c179,2024-12-30T00:00:00.000000,1,53,16747,533,45,486,1064,Potential Loyalists
c892,2024-12-26T00:00:00.000000,5,91,30659,970,83,881,1934,Champions
c851,2024-12-13T00:00:00.000000,18,55,19695,721,47,655,1423,Loyal Customers
c872,2024-12-29T00:00:00.000000,2,34,11216,200,26,171,397,At Risk
c357,2024-12-27T00:00:00.000000,4,41,14359,379,33,341,753,Potential Loyalists
c424,2024-12-27T00:00:00.000000,4,19,6081,46,11,30,87,At Risk
c352,2024-11-09T00:00:00.000000,52,39,13761,378,31,296,705,Potential Loyalists
c850,2024-12-17T00:00:00.000000,14,45,15805,485,37,433,955,Potential Loyalists
c15,2024-12-29T00:00:00.000000,2,37,12313,257,29,225,511,At Risk
c976,2024-12-21T00:00:00.000000,10,83,27417,940,75,854,1869,Champions
c870,2024-12-23T00:00:00.000000,8,41,13359,316,33,274,623,Potential Loyalists
c402,2024-12-29T00:00:00.000000,2,53,18997,661,45,613,1319,Loyal Customers
c623,2024-12-15T00:00:00.000000,16,14,4636,37,6,14,57,At Risk
c234,2024-12-31T00:00:00.000000,0,75,24825,879,67,811,1757,Champions
c936,2024-12-08T00:00:00.000000,23,26,8424,117,18,75,210,At Risk
c711,2024-12-23T00:00:00.000000,8,64,20286,742,56,677,1475,Loyal Customers
c591,2024-12-28T00:00:00.000000,3,44,15156,432,36,392,860,Potential Loyalists
c944,2024-12-06T00:00:00.000000,25,68,21082,788,60,702,1550,Champions
c798,2024-12-28T00:00:00.000000,3,45,15855,476,37,435,948,Potential Loyalists
c274,2024-12-07T00:00:00.000000,24,29,9271,149,21,103,273,At Risk
c654,2024-12-07T00:00:00.000000,24,31,11269,221,23,173,417,At Risk
c635,2024-12-13T00:00:00.000000,18,23,6677,72,15,38,125,At Risk
c407,2024-12-28T00:00:00.000000,3,93,28807,959,85,870,1914,Champions
c835,2024-12-17T00:00:00.000000,14,50,15750,483,42,426,951,Potential Loyalists
c500,2024-12-31T00:00:00.000000,0,49,15551,455,41,413,909,Potential Loyalists
c116,2024-12-31T00:00:00.000000,0,68,22432,808,60,747,1615,Champions
c101,2024-12-31T00:00:00.000000,0,47,13953,347,39,307,693,Potential Loyalists
c988,2024-12-16T00:00:00.000000,15,70,22930,843,62,765,1670,Champions
c45,2024-12-13T00:00:00.000000,18,67,21833,806,59,728,1593,Champions
c267,2024-12-29T00:00:00.000000,2,85,28265,945,77,865,1887,Champions
c16,2024-12-31T00:00:00.000000,0,43,15007,415,35,379,829,Potential Loyalists
c638,2024-12-30T00:00:00.000000,1,63,19537,697,55,640,1392,Loyal Customers
c111,2024-12-22T00:00:00.000000,9,40,12260,264,32,222,518,At Risk
c337,2024-12-26T00:00:00.000000,5,74,25126,890,66,818,1774,Champions
c594,2024-12-13T00:00:00.000000,18,55,18595,657,47,591,1295,Loyal Customers
c547,2024-12-31T00:00:00.000000,0,76,25374,894,68,825,1787,Champions
c894,2024-12-29T00:00:00.000000,2,58,19292,679,50,626,1355,Loyal Customers
c633,2024-12-31T00:00:00.000000,0,73,22827,826,65,760,1651,Champions
c439,2024-12-14T00:00:00.000000,17,36,12564,285,28,239,552,At Risk
c559,2024-12-25T00:00:00.000000,6,48,15152,435,40,388,863,Potential Loyalists
c616,2024-12-31T00:00:00.000000,0,71,22279,804,63,740,1607,Champions
c595,2024-12-31T00:00:00.000000,0,60,19740,709,52,656,1417,Loyal Customers
c821,2024-12-30T00:00:00.000000,1,104,34296,981,91,888,1960,Champions
c202,2024-11-25T00:00:00.000000,36,35,9965,185,27,121,333,At Risk
c463,2024-12-05T00:00:00.000000,26,69,21631,811,61,723,1595,Champions
c242,2024-12-28T00:00:00.000000,3,69,23381,844,61,779,1684,Champions
c269,2024-12-26T00:00:00.000000,5,44,13756,335,36,293,664,Potential Loyalists
c775,2024-12-23T00:00:00.000000,8,55,18845,662,47,606,1315,Loyal Customers
c587,2024-12-21T00:00:00.000000,10,38,11812,239,30,198,467,At Risk
c554,2024-12-22T00:00:00.000000,9,76,26374,920,68,842,1830,Champions
c297,2024-12-16T00:00:00.000000,15,51,17399,584,43,525,1152,Potential Loyalists
c283,2024-12-25T00:00:00.000000,6,25,7525,75,17,51,143,At Risk
c868,2024-11-19T00:00:00.000000,42,26,8224,127,18,66,211,At Risk
c650,2024-12-20T00:00:00.000000,11,45,12805,297,37,248,582,At Risk
c117,2024-11-20T00:00:00.000000,41,30,9270,166,22,102,290,At Risk
c992,2024-12-30T00:00:00.000000,1,52,15398,453,44,407,904,Potential Loyalists
c658,2024-12-27T00:00:00.000000,4,72,22978,835,64,766,1665,Champions
c865,2024-12-28T00:00:00.000000,3,41,13259,306,33,269,608,Potential Loyalists
c567,2024-12-30T00:00:00.000000,1,55,17295,572,47,523,1142,Potential Loyalists
c307,2024-12-30T00:00:00.000000,1,57,18693,647,49,596,1292,Loyal Customers
c28,2024-11-26T00:00:00.000000,35,26,8474,131,18,77,226,At Risk
c196,2024-12-23T00:00:00.000000,8,71,22479,820,63,748,1631,Champions
c499,2024-12-27T00:00:00.000000,4,62,18138,624,54,565,1243,Loyal Customers
c392,2024-12-08T00:00:00.000000,23,34,11966,258,26,208,492,At Risk
c966,2024-12-29T00:00:00.000000,2,71,22729,824,63,758,1645,Champions
c25,2024-12-10T00:00:00.000000,21,44,12856,308,36,250,594,At Risk
c612,2024-12-16T00:00:00.000000,15,33,10117,167,25,126,318,At Risk
c441,2024-12-29T00:00:00.000000,2,57,19093,671,49,619,1339,Loyal Customers
c589,2024-12-30T00:00:00.000000,1,69,21231,769,61,706,1536,Champions
c899,2024-12-31T00:00:00.000000,0,80,24770,883,72,810,1765,Champions
c127,2024-12-21T00:00:00.000000,10,34,11666,229,26,192,447,At Risk
c192,2024-12-29T00:00:00.000000,2,60,17990,609,52,554,1215,Loyal Customers
c522,2024-12-27T00:00:00.000000,4,24,7376,70,16,49,135,At Risk
c136,2024-12-30T00:00:00.000000,1,54,17196,566,46,518,1130,Potential Loyalists
c287,2024-12-30T00:00:00.000000,1,58,18792,656,50,604,1310,Loyal Customers
c942,2024-12-23T00:00:00.000000,8,37,11963,244,29,206,479,At Risk
c451,2024-12-26T00:00:00.000000,5,61,20789,752,53,693,1498,Loyal Customers
c997,2024-12-21T00:00:00.000000,10,11,3739,22,3,8,33,At Risk
c56,2024-11-18T00:00:00.000000,43,53,16597,567,45,478,1090,Potential Loyalists
c41,2024-12-28T00:00:00.000000,3,90,27210,936,82,850,1868,Champions
c722,2024-12-24T00:00:00.000000,7,48,15302,449,40,401,890,Potential Loyalists
c126,2024-12-29T00:00:00.000000,2,61,19889,719,53,663,1435,Loyal Customers
c732,2024-12-30T00:00:00.000000,1,45,14905,413,37,374,824,Potential Loyalists
c858,2024-12-31T00:00:00.000000,0,58,18692,646,50,595,1291,Loyal Customers
c590,2024-12-30T00:00:00.000000,1,45,15955,478,37,439,954,Potential Loyalists
c926,2024-12-29T00:00:00.000000,2,61,19439,688,53,632,1373,Loyal Customers
c661,2024-12-05T00:00:00.000000,26,29,9171,148,21,100,269,At Risk
c866,2024-12-25T00:00:00.000000,6,78,27722,934,70,857,1861,Champions
c819,2024-12-19T00:00:00.000000,12,50,16400,517,42,462,1021,Potential Loyalists
c969,2024-12-18T00:00:00.000000,13,43,12607,289,35,240,564,At Risk
c712,2024-12-16T00:00:00.000000,15,63,19087,688,55,617,1360,Loyal Customers
c285,2024-12-10T00:00:00.000000,21,52,16098,513,44,447,1004,Potential Loyalists
c226,2024-12-31T00:00:00.000000,0,59,18341,629,51,577,1257,Loyal Customers
c75,2024-12-18T00:00:00.000000,13,38,10912,199,30,155,384,At Risk
c460,2024-12-21T00:00:00.000000,10,53,16297,509,45,453,1007,Potential Loyalists
c328,2024-12-09T00:00:00.000000,22,51,18599,658,43,592,1293,Loyal Customers
c108,2024-12-17T00:00:00.000000,14,38,12512,280,30,235,545,At Risk
c655,2024-12-21T00:00:00.000000,10,47,13203,315,39,265,619,Potential Loyalists
c177,2024-12-26T00:00:00.000000,5,42,13408,317,34,277,628,Potential Loyalists
c201,2024-12-05T00:00:00.000000,26,11,3289,35,3,5,43,At Risk
c490,2024-12-12T00:00:00.000000,19,55,17195,584,47,517,1148,Potential Loyalists
c419,2024-12-29T00:00:00.000000,2,52,16448,512,44,465,1021,Potential Loyalists
c142,2024-12-18T00:00:00.000000,13,12,3438,25,4,7,36,At Risk
c42,2024-12-21T00:00:00.000000,10,48,16402,515,40,464,1019,Potential Loyalists
c705,2024-12-29T00:00:00.000000,2,14,5086,29,6,20,55,At Risk
c756,2024-12-18T00:00:00.000000,13,36,10864,195,28,153,376,At Risk
c784,2024-12-27T00:00:00.000000,4,42,12858,290,34,251,575,At Risk
c493,2024-12-30T00:00:00.000000,1,54,15996,488,46,440,974,Potential Loyalists
c185,2024-12-28T00:00:00.000000,3,62,20138,729,54,671,1454,Loyal Customers
c209,2024-12-13T00:00:00.000000,18,51,16449,528,43,466,1037,Potential Loyalists
c890,2024-12-28T00:00:00.000000,3,43,14357,379,35,340,754,Potential Loyalists
c657,2024-12-06T00:00:00.000000,25,83,28167,964,75,863,1902,Champions
c689,2024-12-28T00:00:00.000000,3,57,17093,564,49,511,1124,Potential Loyalists
c849,2024-12-21T00:00:00.000000,10,71,22579,826,63,752,1641,Champions
c606,2024-12-30T00:00:00.000000,1,42,14658,401,34,365,800,Potential Loyalists
c198,2024-12-31T00:00:00.000000,0,65,20385,736,57,678,1471,Loyal Customers
c548,2024-12-26T00:00:00.000000,5,42,14658,405,34,365,804,Potential Loyalists
c598,2024-12-15T00:00:00.000000,16,75,23325,861,67,777,1705,Champions
c823,2024-12-14T00:00:00.000000,17,44,14256,388,36,334,758,Potential Loyalists
c704,2024-12-29T00:00:00.000000,2,38,14012,350,30,317,697,Potential Loyalists
c315,2024-12-26T00:00:00.000000,5,53,16997,554,45,503,1102,Potential Loyalists
c971,2024-12-31T00:00:00.000000,0,73,24827,878,65,812,1755,Champions
c76,2024-12-23T00:00:00.000000,8,74,23676,862,66,787,1715,Champions
c588,2024-12-10T00:00:00.000000,21,38,13112,315,30,263,608,Potential Loyalists
c856,2024-11-28T00:00:00.000000,33,55,18145,649,47,568,1264,Loyal Customers
c640,2024-12-21T00:00:00.000000,10,80,25420,909,72,826,1807,Champions
c796,2024-12-28T00:00:00.000000,3,58,18342,632,50,578,1260,Loyal Customers
c304,2024-12-29T00:00:00.000000,2,59,21441,770,51,716,1537,Champions
c949,2024-12-10T00:00:00.000000,21,55,17595,602,47,533,1182,Potential Loyalists
c61,2024-12-21T00:00:00.000000,10,18,4982,40,10,19,69,At Risk
c412,2024-12-21T00:00:00.000000,10,67,22083,803,59,733,1595,Champions
c918,2024-12-24T00:00:00.000000,7,47,15703,470,39,423,932,Potential Loyalists
c749,2024-12-18T00:00:00.000000,13,81,26619,933,73,846,1852,Champions
c0,2024-12-29T00:00:00.000000,2,75,23525,853,67,783,1703,Champions
c275,2024-12-31T00:00:00.000000,0,65,22335,803,57,745,1605,Champions
c695,2024-12-25T00:00:00.000000,6,79,26021,914,71,836,1821,Champions
c340,2024-12-21T00:00:00.000000,10,38,10712,185,30,144,359,At Risk
c98,2024-12-19T00:00:00.000000,12,61,20689,754,53,688,1495,Loyal Customers
c845,2024-12-30T00:00:00.000000,1,32,11418,206,24,180,410,At Risk
c627,2024-12-31T00:00:00.000000,0,55,18295,623,47,575,1245,Loyal Customers
c401,2024-12-13T00:00:00.000000,18,51,17299,586,43,524,1153,Potential Loyalists
c103,2024-12-30T00:00:00.000000,1,38,13962,344,30,312,686,Potential Loyalists
c317,2024-12-28T00:00:00.000000,3,46,13354,315,38,273,626,Potential Loyalists
c604,2024-11-16T00:00:00.000000,45,29,9321,171,21,105,297,At Risk
c78,2024-12-06T00:00:00.000000,25,12,3838,39,4,9,52,At Risk
c134,2024-12-31T00:00:00.000000,0,25,8675,100,17,82,199,At Risk
c979,2024-12-27T00:00:00.000000,4,61,20889,754,53,696,1503,Champions
c414,2024-12-28T00:00:00.000000,3,46,14454,388,38,346,772,Potential Loyalists
c714,2024-12-23T00:00:00.000000,8,51,17099,565,43,513,1121,Potential Loyalists
c79,2024-12-20T00:00:00.000000,11,54,16396,518,46,460,1024,Potential Loyalists
c243,2024-12-31T00:00:00.000000,0,78,26172,910,70,839,1819,Champions
c480,2024-12-31T00:00:00.000000,0,58,18292,623,50,572,1245,Loyal Customers
c706,2024-12-26T00:00:00.000000,5,39,12361,266,31,229,526,At Risk
c88,2024-12-31T00:00:00.000000,0,66,20084,729,58,670,1457,Loyal Customers
c397,2024-12-31T00:00:00.000000,0,28,8322,92,20,71,183,At Risk
c579,2024-12-18T00:00:00.000000,13,48,14852,425,40,371,836,Potential Loyalists
c789,2024-12-08T00:00:00.000000,23,46,16154,512,38,450,1000,Potential Loyalists
c644,2024-12-30T00:00:00.000000,1,66,22384,806,58,746,1610,Champions
c143,2024-12-28T00:00:00.000000,3,41,13609,325,33,288,646,Potential Loyalists
c413,2024-12-31T00:00:00.000000,0,38,11412,208,30,177,415,At Risk
c395,2024-12-27T00:00:00.000000,4,62,20888,754,54,695,1503,Champions
c691,2024-12-31T00:00:00.000000,0,56,19494,686,48,637,1371,Loyal Customers
c154,2024-12-18T00:00:00.000000,13,67,20533,758,59,685,1502,Champions
c484,2024-12-24T00:00:00.000000,7,16,4934,34,8,18,60,At Risk
c755,2024-12-31T00:00:00.000000,0,53,15747,471,45,425,941,Potential Loyalists
c472,2024-12-21T00:00:00.000000,10,68,20982,769,60,698,1527,Champions
c889,2024-12-27T00:00:00.000000,4,50,16000,490,42,443,975,Potential Loyalists
c709,2024-11-30T00:00:00.000000,31,45,14155,395,37,326,758,Potential Loyalists
c1,2024-12-26T00:00:00.000000,5,58,17892,601,50,545,1196,Potential Loyalists
c425,2024-12-19T00:00:00.000000,12,31,9119,131,23,95,249,At Risk
c543,2024-12-18T00:00:00.000000,13,39,12961,303,31,258,592,At Risk
c399,2024-12-20T00:00:00.000000,11,50,14750,421,42,367,830,Potential Loyalists
c329,2024-12-29T00:00:00.000000,2,45,15055,422,37,382,841,Potential Loyalists
c204,2024-12-13T00:00:00.000000,18,54,16996,567,46,502,1115,Potential Loyalists
c115,2024-12-24T00:00:00.000000,7,39,12761,284,31,245,560,At Risk
c354,2024-12-23T00:00:00.000000,8,37,12563,276,29,238,543,At Risk
c514,2024-12-31T00:00:00.000000,0,79,24971,887,71,815,1773,Champions
c602,2024-11-22T00:00:00.000000,39,38,11962,275,30,205,510,At Risk
c342,2024-12-06T00:00:00.000000,25,36,10764,201,28,147,376,At Risk
c561,2024-12-26T00:00:00.000000,5,58,19342,685,50,629,1364,Loyal Customers
c692,2024-12-22T00:00:00.000000,9,58,19942,726,50,666,1442,Loyal Customers
c485,2024-12-06T00:00:00.000000,25,40,12460,292,32,234,558,At Risk
c734,2024-12-27T00:00:00.000000,4,58,18742,654,50,599,1303,Loyal Customers
c378,2024-12-01T00:00:00.000000,30,13,4037,46,5,10,61,At Risk
c292,2024-12-28T00:00:00.000000,3,52,17898,597,44,549,1190,Potential Loyalists
c810,2024-12-25T00:00:00.000000,6,48,16502,519,40,472,1031,Potential Loyalists
c545,2024-12-21T00:00:00.000000,10,72,22078,807,64,732,1603,Champions
c230,2024-12-20T00:00:00.000000,11,64,21336,781,56,713,1550,Champions
c166,2024-12-29T00:00:00.000000,2,70,22180,801,62,736,1599,Champions
c119,2024-12-29T00:00:00.000000,2,49,15751,471,41,427,939,Potential Loyalists
c916,2024-12-28T00:00:00.000000,3,45,15105,428,37,387,852,Potential Loyalists
c772,2024-12-15T00:00:00.000000,16,15,4735,39,7,15,61,At Risk
c144,2024-12-21T00:00:00.000000,10,48,15852,485,40,434,959,Potential Loyalists
c581,2024-12-11T00:00:00.000000,20,51,17949,617,43,553,1213,Loyal Customers
c632,2024-11-25T00:00:00.000000,36,35,11865,265,27,201,493,At Risk
c792,2024-12-24T00:00:00.000000,7,87,29413,962,79,875,1916,Champions
c48,2024-12-27T00:00:00.000000,4,26,8424,98,18,75,191,At Risk
c797,2024-12-31T00:00:00.000000,0,43,13707,326,35,290,651,Potential Loyalists
c17,2024-12-21T00:00:00.000000,10,57,19193,682,49,622,1353,Loyal Customers
c385,2024-12-25T00:00:00.000000,6,45,15355,450,37,406,893,Potential Loyalists
c747,2024-12-23T00:00:00.000000,8,47,14553,401,39,353,793,Potential Loyalists
c951,2024-12-31T00:00:00.000000,0,75,23625,853,67,785,1705,Champions
c562,2024-12-01T00:00:00.000000,30,49,15801,502,41,430,973,Potential Loyalists
c400,2024-12-29T00:00:00.000000,2,75,25775,900,67,830,1797,Champions
c910,2024-12-30T00:00:00.000000,1,46,14504,391,38,351,780,Potential Loyalists
c389,2024-12-21T00:00:00.000000,10,42,14658,410,34,365,809,Potential Loyalists
c752,2024-12-28T00:00:00.000000,3,37,12763,279,29,246,554,At Risk
c803,2024-12-27T00:00:00.000000,4,61,19139,678,53,620,1351,Loyal Customers
c686,2024-12-31T00:00:00.000000,0,60,21290,763,52,710,1525,Champions
c314,2024-12-16T00:00:00.000000,15,48,16452,523,40,467,1030,Potential Loyalists
c953,2024-12-26T00:00:00.000000,5,70,20930,765,62,697,1524,Champions
c928,2024-10-31T00:00:00.000000,61,33,11867,280,25,202,507,At Risk
c35,2024-12-12T00:00:00.000000,19,49,17051,570,41,509,1120,Potential Loyalists
c984,2024-12-27T00:00:00.000000,4,64,22786,820,56,759,1635,Champions
c86,2024-12-21T00:00:00.000000,10,60,19440,696,52,633,1381,Loyal Customers
c184,2024-12-29T00:00:00.000000,2,99,32401,975,88,884,1947,Champions
c8,2024-12-28T00:00:00.000000,3,40,12010,245,32,209,486,At Risk
c147,2024-12-22T00:00:00.000000,9,70,25080,888,62,816,1766,Champions
c669,2024-11-24T00:00:00.000000,37,45,14655,439,37,364,840,Potential Loyalists
c100,2024-12-30T00:00:00.000000,1,60,18890,662,52,608,1322,Loyal Customers
c757,2024-12-24T00:00:00.000000,7,48,15752,476,40,428,944,Potential Loyalists
c33,2024-12-28T00:00:00.000000,3,55,18445,634,47,583,1264,Loyal Customers
c512,2024-12-21T00:00:00.000000,10,77,24523,885,69,805,1759,Champions
c917,2024-12-28T00:00:00.000000,3,70,22530,816,62,750,1628,Champions
c188,2024-12-31T00:00:00.000000,0,64,19836,716,56,659,1431,Loyal Customers
c653,2024-12-25T00:00:00.000000,6,33,10917,189,25,157,371,At Risk
c954,2024-12-31T00:00:00.000000,0,57,18093,612,49,562,1223,Loyal Customers
c491,2024-12-31T00:00:00.000000,0,35,11415,207,27,179,413,At Risk
c85,2024-11-01T00:00:00.000000,60,13,4837,74,5,17,96,At Risk
c990,2024-11-23T00:00:00.000000,38,70,22980,868,62,767,1697,Champions
c240,2024-12-27T00:00:00.000000,4,58,18642,648,50,593,1291,Loyal Customers
c160,2024-12-13T00:00:00.000000,18,32,11418,223,24,180,427,At Risk
c102,2024-12-28T00:00:00.000000,3,110,36590,988,93,891,1972,Champions
c533,2024-12-07T00:00:00.000000,24,44,15206,458,36,397,891,Potential Loyalists
c265,2024-12-21T00:00:00.000000,10,44,16356,506,36,459,1001,Potential Loyalists
c624,2024-12-11T00:00:00.000000,20,47,13053,319,39,259,617,Potential Loyalists
c759,2024-12-29T00:00:00.000000,2,72,22828,828,64,761,1653,Champions
c23,2024-12-31T00:00:00.000000,0,68,24882,874,60,813,1747,Champions
c668,2024-12-31T00:00:00.000000,0,54,16546,522,46,475,1043,Potential Loyalists
c155,2024-12-12T00:00:00.000000,19,58,19792,728,50,658,1436,Loyal Customers
c800,2024-12-27T00:00:00.000000,4,75,24675,879,67,807,1753,Champions
c345,2024-12-31T00:00:00.000000,0,53,17597,580,45,534,1159,Potential Loyalists
c746,2024-12-29T00:00:00.000000,2,50,16950,545,42,500,1087,Potential Loyalists
c813,2024-12-26T00:00:00.000000,5,62,20038,729,54,669,1452,Loyal Customers
c766,2024-12-30T00:00:00.000000,1,31,9969,148,23,123,294,At Risk
c523,2024-12-22T00:00:00.000000,9,46,15054,429,38,381,848,Potential Loyalists
c241,2024-12-21T00:00:00.000000,10,29,8571,110,21,78,209,At Risk
c459,2024-12-27T00:00:00.000000,4,58,16642,535,50,480,1065,Potential Loyalists
c777,2024-12-11T00:00:00.000000,20,56,18044,627,48,558,1233,Loyal Customers
c109,2024-12-29T00:00:00.000000,2,43,13207,304,35,266,605,Potential Loyalists
c371,2024-12-22T00:00:00.000000,9,66,23684,856,58,788,1702,Champions
c801,2024-12-28T00:00:00.000000,3,60,18940,666,52,610,1328,Loyal Customers
c831,2024-12-27T00:00:00.000000,4,44,14906,416,36,375,827,Potential Loyalists
c39,2024-11-30T00:00:00.000000,31,22,7878,106,14,60,180,At Risk
c854,2024-12-19T00:00:00.000000,12,67,21583,793,59,721,1573,Champions
c960,2024-12-28T00:00:00.000000,3,64,21336,773,56,713,1542,Champions
c264,2024-12-25T00:00:00.000000,6,41,13959,350,33,310,693,Potential Loyalists
c193,2024-12-28T00:00:00.000000,3,31,10719,173,23,146,342,At Risk
c830,2024-12-31T00:00:00.000000,0,35,9865,144,27,116,287,At Risk
c479,2024-12-29T00:00:00.000000,2,45,14605,397,37,357,791,Potential Loyalists
c303,2024-12-18T00:00:00.000000,13,26,8024,93,18,61,172,At Risk
c863,2024-12-19T00:00:00.000000,12,19,6031,53,11,29,93,At Risk
c321,2024-12-25T00:00:00.000000,6,68,22632,821,60,754,1635,Champions
c182,2024-12-12T00:00:00.000000,19,79,26471,935,71,844,1850,Champions
c359,2024-12-26T00:00:00.000000,5,67,20983,764,59,699,1522,Champions
c435,2024-12-20T00:00:00.000000,11,32,9918,155,24,119,298,At Risk
c132,2024-12-26T00:00:00.000000,5,51,15999,491,43,442,976,Potential Loyalists
c948,2024-12-27T00:00:00.000000,4,72,24678,877,64,808,1749,Champions
c55,2024-12-27T00:00:00.000000,4,48,15902,482,40,437,959,Potential Loyalists
c750,2024-12-18T00:00:00.000000,13,30,9620,147,22,111,280,At Risk
c432,2024-12-25T00:00:00.000000,6,56,17694,591,48,536,1175,Potential Loyalists
c212,2024-12-13T00:00:00.000000,18,23,7127,78,15,44,137,At Risk
c336,2024-12-31T00:00:00.000000,0,27,8573,99,19,79,197,At Risk
c876,2024-12-30T00:00:00.000000,1,44,14206,365,36,327,728,Potential Loyalists
c651,2024-12-23T00:00:00.000000,8,34,11766,232,26,197,455,At Risk
c167,2024-12-26T00:00:00.000000,5,43,13407,317,35,276,628,Potential Loyalists
c218,2024-12-31T00:00:00.000000,0,71,21479,781,63,717,1561,Champions
c159,2024-12-14T00:00:00.000000,17,55,17045,571,47,506,1124,Potential Loyalists
c515,2024-12-26T00:00:00.000000,5,62,18538,646,54,586,1286,Loyal Customers
c356,2024-12-28T00:00:00.000000,3,49,14751,413,41,368,822,Potential Loyalists
c555,2024-12-22T00:00:00.000000,9,31,9869,150,23,117,290,At Risk
c902,2024-12-30T00:00:00.000000,1,64,19386,688,56,630,1374,Loyal Customers
c905,2024-12-29T00:00:00.000000,2,35,11065,193,27,163,383,At Risk
c191,2024-12-24T00:00:00.000000,7,44,12256,264,36,220,520,At Risk
c597,2024-12-29T00:00:00.000000,2,59,19541,696,51,642,1389,Loyal Customers
c930,2024-12-30T00:00:00.000000,1,66,22984,828,58,768,1654,Champions
c652,2024-12-29T00:00:00.000000,2,57,18043,609,49,557,1215,Loyal Customers
c998,2024-12-31T00:00:00.000000,0,66,20784,750,58,691,1499,Loyal Customers
c744,2024-12-24T00:00:00.000000,7,58,19392,689,50,631,1370,Loyal Customers
c228,2024-12-27T00:00:00.000000,4,27,9473,131,19,107,257,At Risk
c569,2024-12-27T00:00:00.000000,4,38,12712,278,30,243,551,At Risk
c929,2024-12-29T00:00:00.000000,2,56,19694,705,48,654,1407,Loyal Customers
c665,2024-12-27T00:00:00.000000,4,82,28418,947,74,868,1889,Champions
c34,2024-12-16T00:00:00.000000,15,40,13210,315,32,267,614,Potential Loyalists
c74,2024-11-20T00:00:00.000000,41,29,10821,215,21,152,388,At Risk
c224,2024-12-29T00:00:00.000000,2,57,18093,614,49,562,1225,Loyal Customers
c582,2024-11-18T00:00:00.000000,43,32,8368,141,24,73,238,At Risk
c362,2024-12-21T00:00:00.000000,10,42,12908,300,34,255,589,At Risk
c32,2024-12-29T00:00:00.000000,2,36,12214,250,28,219,497,At Risk
c440,2024-12-30T00:00:00.000000,1,36,11964,237,28,207,472,At Risk
c525,2024-12-29T00:00:00.000000,2,65,21335,772,57,712,1541,Champions
c535,2024-12-21T00:00:00.000000,10,37,12263,263,29,223,515,At Risk
c327,2024-12-28T00:00:00.000000,3,66,22684,819,58,757,1634,Champions
c630,2024-12-31T00:00:00.000000,0,61,19139,674,53,620,1347,Loyal Customers
c169,2024-12-17T00:00:00.000000,14,69,23731,866,61,790,1717,Champions
c433,2024-12-25T00:00:00.000000,6,30,9920,149,22,120,291,At Risk
c174,2024-12-16T00:00:00.000000,15,83,25917,924,75,833,1832,Champions
c844,2024-12-23T00:00:00.000000,8,49,15951,488,41,438,967,Potential Loyalists
c43,2024-12-19T00:00:00.000000,12,45,14905,424,37,374,835,Potential Loyalists
c156,2024-12-27T00:00:00.000000,4,35,11665,223,27,191,441,At Risk
c309,2024-12-31T00:00:00.000000,0,55,16645,529,47,481,1057,Potential Loyalists
c325,2024-12-31T00:00:00.000000,0,60,19890,717,52,664,1433,Loyal Customers
c428,2024-12-27T00:00:00.000000,4,48,15802,476,40,431,947,Potential Loyalists
c341,2024-12-27T00:00:00.000000,4,31,11269,201,23,173,397,At Risk
c945,2024-12-17T00:00:00.000000,14,44,14806,420,36,369,825,Potential Loyalists
c214,2024-12-31T00:00:00.000000,0,74,23426,847,66,780,1693,Champions
c251,2024-12-06T00:00:00.000000,25,43,14457,409,35,348,792,Potential Loyalists
c614,2024-12-21T00:00:00.000000,10,50,15900,489,42,436,967,Potential Loyalists
c871,2024-12-24T00:00:00.000000,7,45,14255,378,37,333,748,Potential Loyalists
c584,2024-12-18T00:00:00.000000,13,15,4735,36,7,15,58,At Risk
c339,2024-12-19T00:00:00.000000,12,48,15752,481,40,428,949,Potential Loyalists
c952,2024-12-24T00:00:00.000000,7,68,20482,750,60,682,1492,Loyal Customers
c469,2024-12-09T00:00:00.000000,22,69,23931,877,61,793,1731,Champions
c382,2024-12-30T00:00:00.000000,1,42,14608,394,34,358,786,Potential Loyalists
c511,2024-12-23T00:00:00.000000,8,63,19587,708,55,644,1407,Loyal Customers
c687,2024-12-25T00:00:00.000000,6,38,13312,309,30,272,611,Potential Loyalists
c502,2024-12-30T00:00:00.000000,1,75,24725,878,67,809,1754,Champions
c332,2024-12-30T00:00:00.000000,1,15,4435,21,7,12,40,At Risk
c237,2024-12-18T00:00:00.000000,13,41,12709,289,33,242,564,At Risk
c104,2024-12-23T00:00:00.000000,8,41,12809,291,33,249,573,At Risk
c122,2024-12-14T00:00:00.000000,17,30,9120,136,22,96,254,At Risk
c183,2024-12-31T00:00:00.000000,0,56,17694,585,48,536,1169,Potential Loyalists
c790,2024-11-29T00:00:00.000000,32,50,15200,470,42,395,907,Potential Loyalists
c323,2024-12-24T00:00:00.000000,7,59,20591,746,51,687,1484,Loyal Customers
c301,2024-12-25T00:00:00.000000,6,51,17999,606,43,556,1205,Loyal Customers
c596,2024-12-24T00:00:00.000000,7,37,10913,193,29,156,378,At Risk
c785,2024-12-21T00:00:00.000000,10,44,12856,297,36,250,583,At Risk
c335,2024-12-25T00:00:00.000000,6,40,13560,323,32,284,639,Potential Loyalists
c920,2024-12-30T00:00:00.000000,1,53,17047,554,45,507,1106,Potential Loyalists
c903,2024-12-31T00:00:00.000000,0,32,11218,197,24,172,393,At Risk
c677,2024-10-29T00:00:00.000000,63,11,2889,59,3,2,64,At Risk
c373,2024-12-29T00:00:00.000000,2,61,21489,775,53,719,1547,Champions
c95,2024-11-24T00:00:00.000000,37,52,14248,412,44,330,786,Potential Loyalists
c934,2024-12-15T00:00:00.000000,16,48,15402,465,40,408,913,Potential Loyalists
c754,2024-11-29T00:00:00.000000,32,28,10272,183,20,130,333,At Risk
c791,2024-12-31T00:00:00.000000,0,73,24127,864,65,798,1727,Champions
c213,2024-12-12T00:00:00.000000,19,32,9968,166,24,122,312,At Risk
c233,2024-12-23T00:00:00.000000,8,92,30358,973,84,880,1937,Champions
c527,2024-12-29T00:00:00.000000,2,40,14610,394,32,359,785,Potential Loyalists
c306,2024-12-15T00:00:00.000000,16,56,18744,666,48,601,1315,Loyal Customers
c403,2024-12-24T00:00:00.000000,7,57,19193,679,49,622,1350,Loyal Customers
c710,2024-12-16T00:00:00.000000,15,36,12214,263,28,219,510,At Risk
c113,2024-12-26T00:00:00.000000,5,39,11111,203,31,166,400,At Risk
c364,2024-12-31T00:00:00.000000,0,37,11163,198,29,168,395,At Risk
c427,2024-12-25T00:00:00.000000,6,47,14853,418,39,372,829,Potential Loyalists
c982,2024-12-31T00:00:00.000000,0,61,17089,564,53,510,1127,Potential Loyalists
c939,2024-12-29T00:00:00.000000,2,26,9124,119,18,98,235,At Risk
c576,2024-12-28T00:00:00.000000,3,42,13658,327,34,289,650,Potential Loyalists
c909,2024-12-24T00:00:00.000000,7,51,18649,645,43,594,1282,Loyal Customers
c937,2024-12-31T00:00:00.000000,0,101,32849,976,89,886,1951,Champions
c621,2024-12-27T00:00:00.000000,4,44,13956,350,36,309,695,Potential Loyalists
c260,2024-11-16T00:00:00.000000,45,40,13410,355,32,278,665,Potential Loyalists
c716,2024-12-31T00:00:00.000000,0,38,11712,225,30,194,449,At Risk
c896,2024-12-23T00:00:00.000000,8,31,9669,145,23,113,281,At Risk
c726,2024-12-15T00:00:00.000000,16,46,13604,341,38,286,665,Potential Loyalists
c530,2024-12-27T00:00:00.000000,4,59,19791,713,51,657,1421,Loyal Customers
c383,2024-12-31T00:00:00.000000,0,28,8772,106,20,85,211,At Risk
c171,2024-12-23T00:00:00.000000,8,12,4538,26,4,13,43,At Risk
c296,2024-12-26T00:00:00.000000,5,46,15104,430,38,386,854,Potential Loyalists
c613,2024-12-17T00:00:00.000000,14,32,8918,130,24,91,245,At Risk
c634,2024-12-26T00:00:00.000000,5,43,14407,384,35,343,762,Potential Loyalists
c44,2024-12-31T00:00:00.000000,0,40,13760,328,32,295,655,Potential Loyalists
c295,2024-12-26T00:00:00.000000,5,44,12956,299,36,257,592,At Risk
c628,2024-12-28T00:00:00.000000,3,51,16699,531,43,484,1058,Potential Loyalists
c219,2024-12-14T00:00:00.000000,17,47,15503,469,39,412,920,Potential Loyalists
c207,2024-12-28T00:00:00.000000,3,49,18251,616,41,571,1228,Loyal Customers
c972,2024-12-22T00:00:00.000000,9,39,13461,320,31,279,630,Potential Loyalists
c649,2024-12-11T00:00:00.000000,20,54,17796,606,46,539,1191,Potential Loyalists
c811,2024-12-27T00:00:00.000000,4,70,23480,849,62,782,1693,Champions
c962,2024-12-18T00:00:00.000000,13,64,21286,779,56,709,1544,Champions
c724,2024-12-23T00:00:00.000000,8,79,25371,904,71,824,1799,Champions
c908,2024-12-03T00:00:00.000000,28,31,10769,201,23,149,373,At Risk
c370,2024-12-17T00:00:00.000000,14,47,17403,580,39,526,1145,Potential Loyalists
c694,2024-12-27T00:00:00.000000,4,52,16848,542,44,493,1079,Potential Loyalists
c895,2024-12-21T00:00:00.000000,10,54,19496,695,46,638,1379,Loyal Customers
c350,2024-12-17T00:00:00.000000,14,54,14396,403,46,342,791,Potential Loyalists
c906,2024-12-25T00:00:00.000000,6,71,23279,844,63,774,1681,Champions
c3,2024-12-30T00:00:00.000000,1,89,28811,954,81,871,1906,Champions
c67,2024-12-24T00:00:00.000000,7,25,8275,95,17,70,182,At Risk
c999,2024-12-29T00:00:00.000000,2,49,15301,444,41,400,885,Potential Loyalists
c83,2024-12-21T00:00:00.000000,10,60,17290,584,52,521,1157,Potential Loyalists
c730,2024-12-31T00:00:00.000000,0,22,7128,60,14,45,119,At Risk
c829,2024-12-27T00:00:00.000000,4,50,17000,551,42,504,1097,Potential Loyalists
c436,2024-12-23T00:00:00.000000,8,29,9821,145,21,115,281,At Risk
c839,2024-12-20T00:00:00.000000,11,45,15155,440,37,391,868,Potential Loyalists
c795,2024-12-20T00:00:00.000000,11,58,18142,629,50,567,1246,Loyal Customers
c987,2024-12-05T00:00:00.000000,26,37,12863,310,29,254,593,At Risk
c804,2024-12-24T00:00:00.000000,7,34,10466,173,26,139,338,At Risk
c231,2024-12-31T00:00:00.000000,0,84,25566,904,76,827,1807,Champions
c455,2024-12-30T00:00:00.000000,1,60,19540,695,52,641,1388,Loyal Customers
c592,2024-12-31T00:00:00.000000,0,54,17846,590,46,543,1179,Potential Loyalists
c308,2024-10-27T00:00:00.000000,65,11,3389,65,3,6,74,At Risk
c377,2024-12-25T00:00:00.000000,6,27,8923,119,19,93,231,At Risk
c763,2024-11-24T00:00:00.000000,37,40,13260,340,32,270,642,Potential Loyalists
c536,2024-12-11T00:00:00.000000,20,40,13210,320,32,267,619,Potential Loyalists
c815,2024-12-26T00:00:00.000000,5,68,23132,837,60,771,1668,Champions
c375,2024-12-29T00:00:00.000000,2,36,12114,248,28,217,493,At Risk
c343,2024-12-30T00:00:00.000000,1,73,25277,889,65,822,1776,Champions
c924,2024-12-26T00:00:00.000000,5,35,11065,196,27,163,386,At Risk
c447,2024-12-26T00:00:00.000000,5,62,19888,722,54,662,1438,Loyal Customers
c809,2024-12-22T00:00:00.000000,9,39,14061,361,31,320,712,Potential Loyalists
c943,2024-12-29T00:00:00.000000,2,67,22233,801,59,739,1599,Champions
c879,2024-12-28T00:00:00.000000,3,83,26167,917,75,838,1830,Champions
c674,2024-12-14T00:00:00.000000,17,12,3238,26,4,4,34,At Risk
c19,2024-12-27T00:00:00.000000,4,52,18448,633,44,584,1261,Loyal Customers
c518,2024-11-23T00:00:00.000000,38,33,10367,196,25,132,353,At Risk
c748,2024-12-28T00:00:00.000000,3,49,15101,430,41,385,856,Potential Loyalists
c333,2024-12-31T00:00:00.000000,0,78,24422,874,70,803,1747,Champions
c266,2024-12-27T00:00:00.000000,4,49,13501,327,41,281,649,Potential Loyalists
c189,2024-12-26T00:00:00.000000,5,46,15604,459,38,415,912,Potential Loyalists
c349,2024-12-31T00:00:00.000000,0,45,16305,495,37,457,989,Potential Loyalists
c245,2024-12-11T00:00:00.000000,20,48,13902,364,40,303,707,Potential Loyalists
c996,2024-12-17T00:00:00.000000,14,63,22887,834,55,764,1653,Champions
c526,2024-12-24T00:00:00.000000,7,48,15502,459,40,411,910,Potential Loyalists
c781,2024-12-20T00:00:00.000000,11,59,19341,691,51,628,1370,Loyal Customers
c852,2024-12-27T00:00:00.000000,4,60,18940,667,52,610,1329,Loyal Customers
c534,2024-12-10T00:00:00.000000,21,42,14208,385,34,329,748,Potential Loyalists
c873,2024-12-29T00:00:00.000000,2,56,18544,639,48,588,1275,Loyal Customers
c235,2024-12-23T00:00:00.000000,8,60,17540,591,52,530,1173,Potential Loyalists
c489,2024-12-05T00:00:00.000000,26,25,8375,118,17,74,209,At Risk
c449,2024-12-27T00:00:00.000000,4,23,7877,79,15,59,153,At Risk
c239,2024-12-30T00:00:00.000000,1,47,14503,391,39,350,780,Potential Loyalists
c461,2024-12-08T00:00:00.000000,23,30,11120,213,22,167,402,At Risk
c2,2024-12-29T00:00:00.000000,2,59,17241,574,51,520,1145,Potential Loyalists
c556,2024-12-31T00:00:00.000000,0,69,21731,787,61,725,1573,Champions
c733,2024-11-29T00:00:00.000000,32,27,8273,121,19,69,209,At Risk
c637,2024-12-31T00:00:00.000000,0,51,16549,520,43,476,1039,Potential Loyalists
c139,2024-12-30T00:00:00.000000,1,62,20138,727,54,671,1452,Loyal Customers
c807,2024-12-17T00:00:00.000000,14,61,18489,653,53,585,1291,Loyal Customers
c620,2024-12-28T00:00:00.000000,3,49,16851,540,41,495,1076,Potential Loyalists
c386,2024-12-12T00:00:00.000000,19,31,9969,166,23,123,312,At Risk
c409,2024-12-27T00:00:00.000000,4,56,16044,497,48,444,989,Potential Loyalists
c487,2024-12-28T00:00:00.000000,3,53,17547,581,45,532,1158,Potential Loyalists
c494,2024-12-27T00:00:00.000000,4,41,15459,448,33,410,891,Potential Loyalists
c683,2024-12-29T00:00:00.000000,2,27,8623,103,19,81,203,At Risk
c288,2024-12-30T00:00:00.000000,1,12,4138,17,4,11,32,At Risk
c131,2024-12-23T00:00:00.000000,8,49,16751,537,41,487,1065,Potential Loyalists
c985,2024-12-03T00:00:00.000000,28,34,11216,226,26,171,423,At Risk
c717,2024-12-20T00:00:00.000000,11,48,15052,432,40,380,852,Potential Loyalists
c599,2024-12-26T00:00:00.000000,5,60,19440,691,52,633,1376,Loyal Customers
c250,2024-12-18T00:00:00.000000,13,85,28215,955,77,864,1896,Champions
c882,2024-12-09T00:00:00.000000,22,37,12263,275,29,223,527,At Risk
c660,2024-12-16T00:00:00.000000,15,41,14409,394,33,345,772,Potential Loyalists
c521,2024-12-26T00:00:00.000000,5,66,21484,782,58,718,1558,Champions
c762,2024-12-23T00:00:00.000000,8,51,16949,551,43,499,1093,Potential Loyalists
c22,2024-12-26T00:00:00.000000,5,109,35191,988,92,890,1970,Champions
c471,2024-12-13T00:00:00.000000,18,28,8222,104,20,65,189,At Risk
c664,2024-12-31T00:00:00.000000,0,64,19286,682,56,625,1363,Loyal Customers
c200,2024-12-25T00:00:00.000000,6,23,7577,76,15,54,145,At Risk
c923,2024-12-20T00:00:00.000000,11,34,11666,230,26,192,448,At Risk
c411,2024-12-30T00:00:00.000000,1,91,31659,967,83,882,1932,Champions
c216,2024-12-23T00:00:00.000000,8,39,13911,346,31,306,683,Potential Loyalists
c529,2024-11-27T00:00:00.000000,34,51,14499,427,43,349,819,Potential Loyalists
c121,2024-12-23T00:00:00.000000,8,50,15750,477,42,426,945,Potential Loyalists
c504,2024-12-28T00:00:00.000000,3,7,2493,6,1,1,8,At Risk
c464,2024-12-28T00:00:00.000000,3,28,8172,86,20,62,168,At Risk
c779,2024-12-29T00:00:00.000000,2,34,10816,179,26,150,355,At Risk
c578,2024-12-12T00:00:00.000000,19,33,11717,240,25,195,460,At Risk
c931,2024-12-18T00:00:00.000000,13,49,16151,504,41,449,994,Potential Loyalists
c782,2024-12-29T00:00:00.000000,2,46,14854,414,38,373,825,Potential Loyalists
c563,2024-12-22T00:00:00.000000,9,26,8324,100,18,72,190,At Risk
c152,2024-12-30T00:00:00.000000,1,45,13855,337,37,298,672,Potential Loyalists
c564,2024-12-30T00:00:00.000000,1,22,7528,69,14,53,136,At Risk
c828,2024-12-28T00:00:00.000000,3,68,22682,819,60,755,1634,Champions
c293,2024-12-24T00:00:00.000000,7,40,12360,268,32,228,528,At Risk
c680,2024-12-30T00:00:00.000000,1,45,15555,453,37,414,904,Potential Loyalists
c697,2024-12-31T00:00:00.000000,0,37,10563,172,29,142,343,At Risk
c964,2024-12-23T00:00:00.000000,8,56,16744,542,48,485,1075,Potential Loyalists
c646,2024-11-14T00:00:00.000000,47,22,6528,95,14,34,143,At Risk
c532,2024-12-28T00:00:00.000000,3,74,24126,867,66,797,1730,Champions
c431,2024-12-14T00:00:00.000000,17,48,16502,530,40,472,1042,Potential Loyalists
c38,2024-12-19T00:00:00.000000,12,56,18094,624,48,563,1235,Loyal Customers
c124,2024-12-30T00:00:00.000000,1,85,27415,932,77,853,1862,Champions
c622,2024-12-26T00:00:00.000000,5,77,25773,904,69,829,1802,Champions
c981,2024-12-31T00:00:00.000000,0,67,22333,804,59,744,1607,Champions
c238,2024-12-17T00:00:00.000000,14,38,12862,298,30,253,581,At Risk
c372,2024-12-18T00:00:00.000000,13,56,15644,479,48,417,944,Potential Loyalists
c794,2024-12-30T00:00:00.000000,1,47,14653,403,39,362,804,Potential Loyalists
c347,2024-12-30T00:00:00.000000,1,47,13903,345,39,304,688,Potential Loyalists
c814,2024-12-20T00:00:00.000000,11,83,26717,934,75,847,1856,Champions
c158,2024-12-29T00:00:00.000000,2,66,22084,795,58,734,1587,Champions
c510,2024-12-30T00:00:00.000000,1,52,16898,543,44,497,1084,Potential Loyalists
c434,2024-12-30T00:00:00.000000,1,39,13961,344,31,311,686,Potential Loyalists
c580,2024-12-23T00:00:00.000000,8,16,5634,43,8,26,77,At Risk
c175,2024-12-27T00:00:00.000000,4,46,15054,424,38,381,843,Potential Loyalists
c773,2024-12-10T00:00:00.000000,21,56,19194,693,48,623,1364,Loyal Customers
c566,2024-12-28T00:00:00.000000,3,57,18293,626,49,573,1248,Loyal Customers
c210,2024-12-29T00:00:00.000000,2,44,13556,321,36,282,639,Potential Loyalists
c600,2024-12-23T00:00:00.000000,8,49,16301,505,41,455,1001,Potential Loyalists
c601,2024-12-30T00:00:00.000000,1,72,22978,832,64,766,1662,Champions
c368,2024-12-31T00:00:00.000000,0,78,26172,910,70,839,1819,Champions
c684,2024-12-30T00:00:00.000000,1,44,14056,357,36,319,712,Potential Loyalists
c833,2024-12-25T00:00:00.000000,6,60,18540,646,52,587,1285,Loyal Customers
c346,2024-12-30T00:00:00.000000,1,18,4982,31,10,19,60,At Risk
c883,2024-12-18T00:00:00.000000,13,42,13108,309,34,261,604,Potential Loyalists
c211,2024-12-27T00:00:00.000000,4,35,12415,264,27,232,523,At Risk
c958,2024-11-22T00:00:00.000000,39,23,7477,105,15,50,170,At Risk
c678,2024-12-24T00:00:00.000000,7,45,14005,360,37,315,712,Potential Loyalists
c482,2024-12-26T00:00:00.000000,5,46,15454,453,38,409,900,Potential Loyalists
c84,2024-12-31T00:00:00.000000,0,81,27369,926,73,852,1851,Champions
c150,2024-12-30T00:00:00.000000,1,63,19637,705,55,648,1408,Loyal Customers
c164,2024-11-13T00:00:00.000000,48,39,13311,350,31,271,652,Potential Loyalists
c723,2024-12-10T00:00:00.000000,21,25,7525,90,17,51,158,At Risk
c51,2024-12-26T00:00:00.000000,5,65,20485,746,57,683,1486,Loyal Customers
c367,2024-12-30T00:00:00.000000,1,47,12803,288,39,247,574,At Risk
c244,2024-12-25T00:00:00.000000,6,51,16549,526,43,476,1045,Potential Loyalists
c617,2024-12-22T00:00:00.000000,9,50,16950,552,42,500,1094,Potential Loyalists
c867,2024-11-15T00:00:00.000000,46,23,7027,104,15,43,162,At Risk
c676,2024-12-24T00:00:00.000000,7,64,21536,784,56,720,1560,Champions
c316,2024-12-29T00:00:00.000000,2,30,11070,190,22,165,377,At Risk
c822,2024-12-14T00:00:00.000000,17,38,11862,248,30,200,478,At Risk
c465,2024-12-31T00:00:00.000000,0,71,24479,868,63,804,1735,Champions
c194,2024-12-24T00:00:00.000000,7,52,16448,517,44,465,1026,Potential Loyalists
c481,2024-12-28T00:00:00.000000,3,67,21733,789,59,726,1574,Champions
c725,2024-12-24T00:00:00.000000,7,38,12512,273,30,235,538,At Risk
c165,2024-12-31T00:00:00.000000,0,51,16799,533,43,489,1065,Potential Loyalists
c857,2024-12-26T00:00:00.000000,5,27,8823,113,19,88,220,At Risk
c884,2024-11-16T00:00:00.000000,45,39,11911,279,31,203,513,At Risk
c991,2024-12-27T00:00:00.000000,4,45,12805,290,37,248,575,At Risk
c417,2024-12-31T00:00:00.000000,0,87,28563,949,79,869,1897,Champions
c217,2024-11-18T00:00:00.000000,43,29,7671,121,21,56,198,At Risk
c300,2024-12-29T00:00:00.000000,2,65,20735,749,57,689,1495,Loyal Customers
c659,2024-12-31T00:00:00.000000,0,82,25668,903,74,828,1805,Champions
c9,2024-12-30T00:00:00.000000,1,48,15852,476,40,434,950,Potential Loyalists
c404,2024-12-21T00:00:00.000000,10,45,14455,395,37,347,779,Potential Loyalists
c37,2024-12-13T00:00:00.000000,18,31,8619,122,23,80,225,At Risk
c817,2024-11-29T00:00:00.000000,32,26,9524,160,18,109,287,At Risk
c663,2024-12-30T00:00:00.000000,1,32,10118,153,24,127,304,At Risk
c841,2024-12-25T00:00:00.000000,6,46,15354,450,38,405,893,Potential Loyalists
c114,2024-12-26T00:00:00.000000,5,47,15253,443,39,398,880,Potential Loyalists
c544,2024-12-26T00:00:00.000000,5,59,20241,733,51,676,1460,Loyal Customers
c975,2024-12-16T00:00:00.000000,15,33,10367,173,25,132,330,At Risk
c227,2024-12-23T00:00:00.000000,8,43,14557,398,35,354,787,Potential Loyalists
c886,2024-12-26T00:00:00.000000,5,49,16401,510,41,463,1014,Potential Loyalists
c965,2024-12-29T00:00:00.000000,2,50,14850,415,42,370,827,Potential Loyalists
c72,2024-12-15T00:00:00.000000,16,39,11661,237,31,189,457,At Risk
c355,2024-12-16T00:00:00.000000,15,59,19691,720,51,653,1424,Loyal Customers
c528,2024-12-19T00:00:00.000000,12,73,21877,808,65,730,1603,Champions
c550,2024-12-25T00:00:00.000000,6,36,11314,209,28,174,411,At Risk
c505,2024-12-31T00:00:00.000000,0,42,14558,390,34,355,779,Potential Loyalists
c941,2024-12-17T00:00:00.000000,14,70,21230,782,62,705,1549,Champions
c506,2024-12-19T00:00:00.000000,12,63,19987,735,55,667,1457,Loyal Customers
c715,2024-12-13T00:00:00.000000,18,32,10868,197,24,154,375,At Risk
c197,2024-12-26T00:00:00.000000,5,52,16498,520,44,470,1034,Potential Loyalists
c558,2024-12-22T00:00:00.000000,9,54,19546,699,46,643,1388,Loyal Customers
c87,2024-12-26T00:00:00.000000,5,69,23131,837,61,770,1668,Champions
c488,2024-12-31T00:00:00.000000,0,69,21281,770,61,708,1539,Champions
c137,2024-12-20T00:00:00.000000,11,52,18998,670,44,614,1328,Loyal Customers
c619,2024-12-13T00:00:00.000000,18,47,13903,362,39,304,705,Potential Loyalists
c690,2024-12-07T00:00:00.000000,24,28,8272,113,20,68,201,At Risk
c537,2024-11-12T00:00:00.000000,49,18,5232,80,10,21,111,At Risk
c989,2024-12-07T00:00:00.000000,24,58,19192,696,50,621,1367,Loyal Customers
c682,2024-12-13T00:00:00.000000,18,56,18594,657,48,590,1295,Loyal Customers
c519,2024-12-31T00:00:00.000000,0,67,20783,750,59,690,1499,Loyal Customers
c381,2024-12-25T00:00:00.000000,6,28,8872,116,20,89,225,At Risk
c808,2024-12-15T00:00:00.000000,16,18,6632,64,10,37,111,At Risk
c161,2024-12-29T00:00:00.000000,2,60,22590,808,52,753,1613,Champions
c700,2024-12-07T00:00:00.000000,24,42,14408,403,34,344,781,Potential Loyalists
c718,2024-12-30T00:00:00.000000,1,30,10120,152,22,128,302,At Risk
c605,2024-12-20T00:00:00.000000,11,46,14654,413,38,363,814,Potential Loyalists
c311,2024-12-24T00:00:00.000000,7,58,17892,603,50,545,1198,Potential Loyalists
c703,2024-12-29T00:00:00.000000,2,52,16398,508,44,461,1013,Potential Loyalists
c450,2024-12-31T00:00:00.000000,0,40,13710,325,32,292,649,Potential Loyalists
c5,2024-12-29T00:00:00.000000,2,63,18837,663,55,605,1323,Loyal Customers
c736,2024-12-27T00:00:00.000000,4,26,6774,62,18,39,119,At Risk
c112,2024-11-27T00:00:00.000000,34,29,10371,189,21,133,343,At Risk
c426,2024-12-03T00:00:00.000000,28,46,15704,491,38,424,953,Potential Loyalists
c302,2024-11-20T00:00:00.000000,41,34,12166,286,26,218,530,At Risk
c405,2024-12-29T00:00:00.000000,2,67,22683,818,59,756,1633,Champions
c97,2024-12-14T00:00:00.000000,17,39,11761,245,31,196,472,At Risk
c186,2024-11-15T00:00:00.000000,46,35,13115,337,27,264,628,Potential Loyalists
c967,2024-12-31T00:00:00.000000,0,40,12060,245,32,212,489,At Risk
c583,2024-12-26T00:00:00.000000,5,60,18140,624,52,566,1242,Loyal Customers
c90,2024-12-15T00:00:00.000000,16,51,16649,543,43,483,1069,Potential Loyalists
c760,2024-12-14T00:00:00.000000,17,55,19895,730,47,665,1442,Loyal Customers
c738,2024-12-19T00:00:00.000000,12,40,14110,369,32,324,725,Potential Loyalists
c959,2024-12-28T00:00:00.000000,3,42,14908,414,34,376,824,Potential Loyalists
c259,2024-12-30T00:00:00.000000,1,56,17294,572,48,522,1142,Potential Loyalists
c178,2024-12-24T00:00:00.000000,7,74,23476,855,66,781,1702,Champions
c64,2024-12-21T00:00:00.000000,10,37,13463,320,29,280,629,Potential Loyalists
c645,2024-12-30T00:00:00.000000,1,84,25366,901,76,823,1800,Champions
c467,2024-12-30T00:00:00.000000,1,51,17499,574,43,529,1146,Potential Loyalists
c30,2024-12-27T00:00:00.000000,4,83,28017,939,75,859,1873,Champions
c470,2024-12-23T00:00:00.000000,8,47,15653,468,39,420,927,Potential Loyalists
c257,2024-12-24T00:00:00.000000,7,49,15351,452,41,403,896,Potential Loyalists
c282,2024-12-29T00:00:00.000000,2,55,19445,685,47,635,1367,Loyal Customers
c771,2024-12-24T00:00:00.000000,7,60,19590,706,52,646,1404,Loyal Customers
c276,2024-12-13T00:00:00.000000,18,34,12066,260,26,215,501,At Risk
c780,2024-12-13T00:00:00.000000,18,53,17897,612,45,548,1205,Loyal Customers
c286,2024-12-16T00:00:00.000000,15,55,16145,511,47,448,1006,Potential Loyalists
c390,2024-12-21T00:00:00.000000,10,56,17844,601,48,542,1191,Potential Loyalists
c66,2024-12-27T00:00:00.000000,4,65,19085,677,57,615,1349,Loyal Customers
c586,2024-12-31T00:00:00.000000,0,64,19536,696,56,639,1391,Loyal Customers
c422,2024-12-30T00:00:00.000000,1,81,29619,951,73,876,1900,Champions
c855,2024-12-31T00:00:00.000000,0,49,16801,533,41,491,1065,Potential Loyalists
c881,2024-12-27T00:00:00.000000,4,48,16452,512,40,467,1019,Potential Loyalists
c54,2024-12-12T00:00:00.000000,19,30,10520,183,22,141,346,At Risk
c551,2024-12-06T00:00:00.000000,25,19,5381,59,11,22,92,At Risk
c125,2024-11-16T00:00:00.000000,45,31,8769,152,23,84,259,At Risk
c955,2024-12-22T00:00:00.000000,9,70,23280,847,62,775,1684,Champions
c120,2024-12-13T00:00:00.000000,18,72,23628,869,64,786,1719,Champions
c507,2024-12-19T00:00:00.000000,12,21,6929,66,13,40,119,At Risk
c901,2024-12-15T00:00:00.000000,16,37,11463,227,29,181,437,At Risk
c263,2024-12-27T00:00:00.000000,4,46,14104,365,38,322,725,Potential Loyalists
c326,2024-12-26T00:00:00.000000,5,42,14508,392,34,352,778,Potential Loyalists
c859,2024-12-20T00:00:00.000000,11,39,11711,236,31,193,460,At Risk
c180,2024-12-23T00:00:00.000000,8,70,24180,871,62,800,1733,Champions
c913,2024-12-27T00:00:00.000000,4,55,18195,622,47,570,1239,Loyal Customers
c983,2024-12-30T00:00:00.000000,1,73,23127,836,65,769,1670,Champions
c437,2024-12-31T00:00:00.000000,0,43,14207,364,35,328,727,Potential Loyalists
c430,2024-12-06T00:00:00.000000,25,42,12258,281,34,221,536,At Risk
c492,2024-12-31T00:00:00.000000,0,46,14504,390,38,351,779,Potential Loyalists
c268,2024-12-20T00:00:00.000000,11,39,13811,340,31,297,668,Potential Loyalists
c298,2024-12-26T00:00:00.000000,5,69,19481,703,61,636,1400,Loyal Customers
c848,2024-12-21T00:00:00.000000,10,37,12013,250,29,210,489,At Risk
c187,2024-12-04T00:00:00.000000,27,40,11210,230,32,170,432,At Risk
c572,2024-12-19T00:00:00.000000,12,20,6030,53,12,28,93,At Risk
c89,2024-12-23T00:00:00.000000,8,84,28066,945,76,860,1881,Champions
c741,2024-12-31T00:00:00.000000,0,42,13858,335,34,300,669,Potential Loyalists
c721,2024-12-14T00:00:00.000000,17,48,15702,480,40,422,942,Potential Loyalists
c290,2024-12-13T00:00:00.000000,18,33,11517,228,25,184,437,At Risk
c560,2024-10-23T00:00:00.000000,69,18,6232,98,10,31,139,At Risk
c553,2024-12-26T00:00:00.000000,5,77,24123,871,69,796,1736,Champions
c107,2024-12-08T00:00:00.000000,23,40,13560,340,32,284,656,Potential Loyalists
c497,2024-12-02T00:00:00.000000,29,50,16800,562,42,490,1094,Potential Loyalists
c82,2024-12-12T00:00:00.000000,19,36,12914,304,28,256,588,At Risk
c961,2024-12-27T00:00:00.000000,4,31,10819,179,23,151,353,At Risk
c495,2024-12-23T00:00:00.000000,8,60,20440,742,52,681,1475,Loyal Customers
c408,2024-12-31T00:00:00.000000,0,59,18741,650,51,598,1299,Loyal Customers
c968,2024-12-26T00:00:00.000000,5,60,18340,634,52,576,1262,Loyal Customers
c478,2024-12-29T00:00:00.000000,2,83,29767,955,75,877,1907,Champions
c289,2024-12-13T00:00:00.000000,18,27,9123,135,19,97,251,At Risk
c199,2024-12-29T00:00:00.000000,2,37,12063,245,29,213,487,At Risk
c818,2024-12-28T00:00:00.000000,3,55,16995,552,47,501,1100,Potential Loyalists
c254,2024-12-21T00:00:00.000000,10,35,11015,198,27,160,385,At Risk
c847,2024-12-31T00:00:00.000000,0,36,11064,191,28,162,381,At Risk
c130,2024-12-21T00:00:00.000000,10,51,15099,437,43,383,863,Potential Loyalists
c138,2024-12-31T00:00:00.000000,0,48,15352,445,40,404,889,Potential Loyalists
c14,2024-12-15T00:00:00.000000,16,36,11614,232,28,187,447,At Risk
c904,2024-12-10T00:00:00.000000,21,45,16455,527,37,468,1032,Potential Loyalists
c415,2024-10-28T00:00:00.000000,64,9,3191,60,2,3,65,At Risk
c70,2024-12-29T00:00:00.000000,2,49,17001,549,41,505,1095,Potential Loyalists
c168,2024-12-28T00:00:00.000000,3,55,17895,598,47,547,1192,Potential Loyalists
c284,2024-12-28T00:00:00.000000,3,48,16902,542,40,498,1080,Potential Loyalists
c374,2024-12-27T00:00:00.000000,4,96,33154,978,86,887,1951,Champions
c625,2024-12-30T00:00:00.000000,1,38,11662,222,30,190,442,At Risk
c176,2024-12-19T00:00:00.000000,12,56,18444,643,48,582,1273,Loyal Customers
c380,2024-12-27T00:00:00.000000,4,89,30261,965,81,879,1925,Champions
c538,2024-12-27T00:00:00.000000,4,79,25271,897,71,821,1789,Champions
c91,2024-12-28T00:00:00.000000,3,53,16047,494,45,445,984,Potential Loyalists
c888,2024-12-31T00:00:00.000000,0,73,22577,817,65,751,1633,Champions
c719,2024-12-27T00:00:00.000000,4,86,26564,928,78,845,1851,Champions
c310,2024-12-29T00:00:00.000000,2,46,14004,355,38,314,707,Potential Loyalists
c995,2024-12-26T00:00:00.000000,5,25,8225,90,17,67,174,At Risk
c812,2024-12-12T00:00:00.000000,19,41,14259,388,33,335,756,Potential Loyalists
c423,2024-12-28T00:00:00.000000,3,40,11660,224,32,188,444,At Risk
c140,2024-12-06T00:00:00.000000,25,38,12362,286,30,230,546,At Risk
c31,2024-12-22T00:00:00.000000,9,66,21584,790,58,722,1570,Champions
c496,2024-12-16T00:00:00.000000,15,35,11465,225,27,182,434,At Risk
c802,2024-12-24T00:00:00.000000,7,76,22024,807,68,731,1606,Champions
c312,2024-12-27T00:00:00.000000,4,56,18444,635,48,582,1265,Loyal Customers
c47,2024-12-23T00:00:00.000000,8,52,16348,511,44,458,1013,Potential Loyalists
c565,2024-12-30T00:00:00.000000,1,69,22231,801,61,738,1600,Champions
c141,2024-12-26T00:00:00.000000,5,21,6579,55,13,36,104,At Risk
c911,2024-12-27T00:00:00.000000,4,84,28166,943,76,862,1881,Champions
c474,2024-12-05T00:00:00.000000,26,19,5981,65,11,27,103,At Risk
c816,2024-12-30T00:00:00.000000,1,72,25128,885,64,819,1768,Champions
c498,2024-12-28T00:00:00.000000,3,77,25923,907,69,834,1810,Champions
c656,2024-12-23T00:00:00.000000,8,43,14307,381,35,337,753,Potential Loyalists
c457,2024-12-28T00:00:00.000000,3,52,16248,500,44,452,996,Potential Loyalists
c205,2024-12-18T00:00:00.000000,13,43,12657,290,35,241,566,At Risk
c977,2024-12-27T00:00:00.000000,4,29,9971,150,21,124,295,At Risk
c827,2024-12-26T00:00:00.000000,5,60,20140,730,52,672,1454,Loyal Customers
c277,2024-12-24T00:00:00.000000,7,74,23726,863,66,789,1718,Champions
c206,2024-12-22T00:00:00.000000,9,49,14001,364,41,313,718,Potential Loyalists
c220,2024-12-31T00:00:00.000000,0,52,16798,533,44,488,1065,Potential Loyalists
c344,2024-11-12T00:00:00.000000,49,15,5485,80,7,24,111,At Risk
c907,2024-12-12T00:00:00.000000,19,68,22332,823,60,743,1626,Champions
c11,2024-12-31T00:00:00.000000,0,19,5631,37,11,25,73,At Risk
c938,2024-12-31T00:00:00.000000,0,69,21181,765,61,703,1529,Champions
c133,2024-12-29T00:00:00.000000,2,56,19444,685,48,634,1367,Loyal Customers
c215,2024-12-22T00:00:00.000000,9,59,20391,741,51,680,1472,Loyal Customers
c438,2024-12-18T00:00:00.000000,13,70,23980,870,62,794,1726,Champions
c737,2024-12-25T00:00:00.000000,6,36,10964,193,28,158,379,At Risk
c927,2024-12-28T00:00:00.000000,3,74,23226,842,66,772,1680,Champions
c118,2024-12-21T00:00:00.000000,10,50,16000,496,42,443,981,Potential Loyalists
c445,2024-12-25T00:00:00.000000,6,44,13606,330,36,287,653,Potential Loyalists
c466,2024-12-30T00:00:00.000000,1,82,27468,931,74,855,1860,Champions
c885,2024-12-19T00:00:00.000000,12,39,12361,273,31,229,533,At Risk
c476,2024-12-24T00:00:00.000000,7,48,15052,428,40,380,848,Potential Loyalists
c935,2024-12-31T00:00:00.000000,0,73,23277,839,65,773,1677,Champions
c334,2024-12-16T00:00:00.000000,15,27,8873,125,19,90,234,At Risk
c93,2024-12-30T00:00:00.000000,1,47,14553,394,39,353,786,Potential Loyalists
c963,2024-12-22T00:00:00.000000,9,49,14601,407,41,356,804,Potential Loyalists
c236,2024-12-07T00:00:00.000000,24,46,14004,377,38,314,729,Potential Loyalists
c758,2024-11-24T00:00:00.000000,37,35,11565,250,27,185,462,At Risk
c462,2024-12-30T00:00:00.000000,1,57,17543,582,49,531,1162,Potential Loyalists
c788,2024-12-31T00:00:00.000000,0,62,21188,759,54,704,1517,Champions
c993,2024-12-30T00:00:00.000000,1,41,13109,297,33,262,592,At Risk
c272,2024-12-27T00:00:00.000000,4,64,19886,722,56,661,1439,Loyal Customers
c980,2024-12-26T00:00:00.000000,5,41,13709,330,33,291,654,Potential Loyalists
c59,2024-12-30T00:00:00.000000,1,27,9223,122,19,101,242,At Risk
c232,2024-12-30T00:00:00.000000,1,76,25874,902,68,832,1802,Champions
c799,2024-12-26T00:00:00.000000,5,89,29961,965,81,878,1924,Champions
c860,2024-12-29T00:00:00.000000,2,103,34947,982,90,889,1961,Champions
c753,2024-12-19T00:00:00.000000,12,32,9918,156,24,119,299,At Risk
c874,2024-12-25T00:00:00.000000,6,25,7675,81,17,57,155,At Risk
c294,2024-12-24T00:00:00.000000,7,54,17096,566,46,512,1124,Potential Loyalists
c610,2024-12-21T00:00:00.000000,10,58,17792,599,50,538,1187,Potential Loyalists
c693,2024-12-29T00:00:00.000000,2,40,12310,259,32,224,515,At Risk
c615,2024-12-29T00:00:00.000000,2,82,26318,918,74,841,1833,Champions
c394,2024-12-21T00:00:00.000000,10,37,12313,265,29,225,519,At Risk
c68,2024-12-31T00:00:00.000000,0,55,19895,713,47,665,1425,Loyal Customers
c957,2024-12-31T00:00:00.000000,0,56,18294,623,48,574,1245,Loyal Customers
c262,2024-12-17T00:00:00.000000,14,20,6280,59,12,32,103,At Risk
c247,2024-12-17T00:00:00.000000,14,51,17799,598,43,540,1181,Potential Loyalists
c681,2024-12-28T00:00:00.000000,3,33,11517,213,25,184,422,At Risk
c688,2024-12-31T00:00:00.000000,0,61,19989,722,53,668,1443,Loyal Customers
c27,2024-12-03T00:00:00.000000,28,36,11914,261,28,204,493,At Risk
c552,2024-12-25T00:00:00.000000,6,49,17751,585,41,537,1163,Potential Loyalists
c642,2024-12-22T00:00:00.000000,9,33,11167,204,25,169,398,At Risk
c348,2024-12-30T00:00:00.000000,1,82,26468,919,74,843,1836,Champions
c707,2024-12-21T00:00:00.000000,10,60,19640,712,52,649,1413,Loyal Customers
c203,2024-12-21T00:00:00.000000,10,50,14350,392,42,339,773,Potential Loyalists
c540,2024-12-22T00:00:00.000000,9,27,8723,112,19,83,214,At Risk
c146,2024-12-15T00:00:00.000000,16,25,7725,92,17,58,167,At Risk
c698,2024-12-16T00:00:00.000000,15,60,18090,629,52,561,1242,Loyal Customers
c225,2024-12-23T00:00:00.000000,8,20,6030,49,12,28,89,At Risk
c26,2024-12-28T00:00:00.000000,3,80,26220,916,72,840,1828,Champions
c406,2024-12-27T00:00:00.000000,4,32,11218,201,24,172,397,At Risk
c647,2024-12-31T00:00:00.000000,0,46,14254,371,38,332,741,Potential Loyalists
c820,2024-12-24T00:00:00.000000,7,58,18692,653,50,595,1298,Loyal Customers
c20,2024-12-29T00:00:00.000000,2,83,28317,945,75,867,1887,Champions
c73,2024-12-26T00:00:00.000000,5,82,25968,915,74,835,1824,Champions
c609,2024-12-31T00:00:00.000000,0,68,20532,745,60,684,1489,Loyal Customers
c713,2024-12-25T00:00:00.000000,6,44,13056,303,36,260,599,At Risk
c774,2024-12-26T00:00:00.000000,5,88,29162,959,80,873,1912,Champions
c299,2024-12-30T00:00:00.000000,1,71,25129,885,63,820,1768,Champions
c585,2024-12-25T00:00:00.000000,6,49,18751,650,41,602,1293,Loyal Customers
c577,2024-12-27T00:00:00.000000,4,60,19340,684,52,627,1363,Loyal Customers
c671,2024-12-02T00:00:00.000000,29,54,18996,688,46,612,1346,Loyal Customers
c932,2024-11-27T00:00:00.000000,34,59,18791,689,51,603,1343,Loyal Customers
c501,2024-12-16T00:00:00.000000,15,48,14652,417,40,361,818,Potential Loyalists
c92,2024-12-06T00:00:00.000000,25,30,9320,152,22,104,278,At Risk
c786,2024-12-09T00:00:00.000000,22,17,5433,55,9,23,87,At Risk
c442,2024-12-18T00:00:00.000000,13,59,19641,715,51,650,1416,Loyal Customers
c416,2024-12-26T00:00:00.000000,5,56,18194,623,48,569,1240,Loyal Customers
c571,2024-12-23T00:00:00.000000,8,52,18698,650,44,597,1291,Loyal Customers
c81,2024-12-21T00:00:00.000000,10,84,25566,914,76,827,1817,Champions
c473,2024-12-30T00:00:00.000000,1,80,27870,932,72,858,1862,Champions
c742,2024-12-06T00:00:00.000000,25,37,10463,192,29,137,358,At Risk
c524,2024-12-23T00:00:00.000000,8,50,17050,559,42,508,1109,Potential Loyalists
c720,2024-12-23T00:00:00.000000,8,30,9870,149,22,118,289,At Risk
c761,2024-12-25T00:00:00.000000,6,101,32599,981,89,885,1955,Champions
c363,2024-12-29T00:00:00.000000,2,24,7526,71,16,52,139,At Risk
c6,2024-12-08T00:00:00.000000,23,67,21783,810,59,727,1596,Champions
c743,2024-12-20T00:00:00.000000,11,71,22879,838,63,763,1664,Champions
c365,2024-12-23T00:00:00.000000,8,82,28068,944,74,861,1879,Champions
c4,2024-12-31T00:00:00.000000,0,62,21238,762,54,707,1523,Champions
c919,2024-12-11T00:00:00.000000,20,39,14311,390,31,338,759,Potential Loyalists
c249,2024-12-10T00:00:00.000000,21,47,15153,450,39,389,878,Potential Loyalists
c516,2024-12-18T00:00:00.000000,13,52,16848,551,44,493,1088,Potential Loyalists
c513,2024-12-30T00:00:00.000000,1,50,16400,506,42,462,1010,Potential Loyalists
c40,2024-12-30T00:00:00.000000,1,65,23285,835,57,776,1668,Champions
c853,2024-12-30T00:00:00.000000,1,67,22183,798,59,737,1594,Champions
c950,2024-12-29T00:00:00.000000,2,71,22729,824,63,758,1645,Champions
c396,2024-12-31T00:00:00.000000,0,49,14251,373,41,331,745,Potential Loyalists
c486,2024-11-28T00:00:00.000000,33,48,15652,493,40,419,952,Potential Loyalists
c915,2024-12-28T00:00:00.000000,3,45,14055,359,37,318,714,Potential Loyalists
c468,2024-12-29T00:00:00.000000,2,50,15300,444,42,399,885,Potential Loyalists
c769,2024-12-23T00:00:00.000000,8,61,18889,669,53,607,1329,Loyal Customers
c448,2024-12-15T00:00:00.000000,16,47,15203,452,39,396,887,Potential Loyalists
c731,2024-12-09T00:00:00.000000,22,30,9070,139,22,94,255,At Risk
c452,2024-12-20T00:00:00.000000,11,58,18342,640,50,578,1268,Loyal Customers
c477,2024-12-27T00:00:00.000000,4,72,24928,883,64,814,1761,Champions
c702,2024-12-28T00:00:00.000000,3,60,19590,702,52,646,1400,Loyal Customers
c261,2024-12-31T00:00:00.000000,0,39,12411,263,31,231,525,At Risk
c947,2024-12-27T00:00:00.000000,4,51,16449,514,43,466,1023,Potential Loyalists
c685,2024-12-30T00:00:00.000000,1,35,10715,174,27,145,346,At Risk
c77,2024-12-28T00:00:00.000000,3,51,16599,526,43,479,1048,Potential Loyalists
c843,2024-12-24T00:00:00.000000,7,38,13862,340,30,302,672,Potential Loyalists
c735,2024-12-11T00:00:00.000000,20,46,15704,483,38,424,945,Potential Loyalists
c50,2024-12-08T00:00:00.000000,23,70,22830,848,62,762,1672,Champions
c281,2024-12-25T00:00:00.000000,6,40,14110,363,32,324,719,Potential Loyalists
c280,2024-12-27T00:00:00.000000,4,36,11314,207,28,174,409,At Risk
c387,2024-12-23T00:00:00.000000,8,45,15655,467,37,421,925,Potential Loyalists
c246,2024-12-27T00:00:00.000000,4,43,13857,339,35,299,673,Potential Loyalists
c875,2024-12-27T00:00:00.000000,4,84,28816,953,76,872,1901,Champions
c258,2024-12-21T00:00:00.000000,10,41,12459,277,33,233,543,At Risk
c631,2024-12-25T00:00:00.000000,6,72,24328,873,64,802,1739,Champions
c420,2024-12-24T00:00:00.000000,7,71,24179,870,63,799,1732,Champions
c351,2024-12-24T00:00:00.000000,7,30,10470,170,22,140,332,At Risk
c573,2024-12-29T00:00:00.000000,2,49,18351,624,41,580,1245,Loyal Customers
c568,2024-12-25T00:00:00.000000,6,55,16645,535,47,481,1063,Potential Loyalists
c49,2024-12-12T00:00:00.000000,19,58,18792,674,50,604,1328,Loyal Customers
c728,2024-12-29T00:00:00.000000,2,57,19643,703,49,651,1403,Loyal Customers
c768,2024-12-15T00:00:00.000000,16,36,11014,204,28,159,391,At Risk
c318,2024-12-30T00:00:00.000000,1,38,14062,353,30,321,704,Potential Loyalists
c273,2024-12-25T00:00:00.000000,6,50,15100,433,42,384,859,Potential Loyalists
c153,2024-12-31T00:00:00.000000,0,64,21286,766,56,709,1531,Champions
c271,2024-12-22T00:00:00.000000,9,12,4738,30,4,16,50,At Risk
c421,2024-11-19T00:00:00.000000,42,32,9568,177,24,110,311,At Risk
c974,2024-12-30T00:00:00.000000,1,68,22132,797,60,735,1592,Champions
c826,2024-12-31T00:00:00.000000,0,86,27014,928,78,849,1855,Champions
c946,2024-12-28T00:00:00.000000,3,53,17497,577,45,528,1150,Potential Loyalists
c320,2024-12-27T00:00:00.000000,4,31,11019,189,23,161,373,At Risk
c557,2024-12-10T00:00:00.000000,21,45,13855,357,37,298,692,Potential Loyalists
c256,2024-12-30T00:00:00.000000,1,58,18792,656,50,604,1310,Loyal Customers
c751,2024-12-23T00:00:00.000000,8,58,19842,719,50,660,1429,Loyal Customers
c157,2024-12-11T00:00:00.000000,20,27,8923,133,19,93,245,At Risk
c110,2024-12-17T00:00:00.000000,14,35,10415,176,27,134,337,At Risk
c509,2024-12-29T00:00:00.000000,2,41,12359,263,33,227,523,At Risk
c641,2024-12-27T00:00:00.000000,4,63,20787,752,55,692,1499,Loyal Customers
c456,2024-12-30T00:00:00.000000,1,57,18743,651,49,600,1300,Loyal Customers
c740,2024-12-31T00:00:00.000000,0,47,16303,496,39,456,991,Potential Loyalists
c575,2024-12-31T00:00:00.000000,0,34,10766,175,26,148,349,At Risk
c99,2024-12-28T00:00:00.000000,3,74,24076,865,66,795,1726,Champions
c670,2024-12-18T00:00:00.000000,13,21,6979,69,13,42,124,At Risk
c162,2024-12-19T00:00:00.000000,12,36,12064,255,28,214,497,At Risk
c897,2024-12-28T00:00:00.000000,3,53,17847,593,45,544,1182,Potential Loyalists
c783,2024-12-29T00:00:00.000000,2,36,11514,214,28,183,425,At Risk
c96,2024-12-17T00:00:00.000000,14,35,11865,243,27,201,471,At Risk
c305,2024-12-30T00:00:00.000000,1,53,18097,611,45,564,1220,Loyal Customers
c322,2024-12-29T00:00:00.000000,2,53,18547,637,45,589,1271,Loyal Customers
c379,2024-12-31T00:00:00.000000,0,62,19588,700,54,645,1399,Loyal Customers
c29,2024-12-26T00:00:00.000000,5,67,21433,780,59,715,1554,Champions
c648,2024-12-03T00:00:00.000000,28,64,19086,701,56,616,1373,Loyal Customers
c699,2024-12-26T00:00:00.000000,5,42,13908,345,34,305,684,Potential Loyalists
c248,2024-12-24T00:00:00.000000,7,79,25821,910,71,831,1812,Champions
c764,2024-11-28T00:00:00.000000,33,42,13758,362,34,294,690,Potential Loyalists
c542,2024-12-30T00:00:00.000000,1,52,17148,560,44,514,1118,Potential Loyalists
c57,2024-12-31T00:00:00.000000,0,32,9918,144,24,119,287,At Risk
c824,2024-12-29T00:00:00.000000,2,32,11568,213,24,186,423,At Risk
c190,2024-12-31T00:00:00.000000,0,67,22283,802,59,742,1603,Champions
c443,2024-12-24T00:00:00.000000,7,33,12017,244,25,211,480,At Risk
c13,2024-12-13T00:00:00.000000,18,59,17941,620,51,550,1221,Loyal Customers
c278,2024-12-16T00:00:00.000000,15,37,11413,223,29,178,430,At Risk
c418,2024-12-23T00:00:00.000000,8,77,23623,862,69,784,1715,Champions
c970,2024-12-10T00:00:00.000000,21,50,16850,558,42,494,1094,Potential Loyalists
c148,2024-12-07T00:00:00.000000,24,30,9170,146,22,99,267,At Risk
c662,2024-12-25T00:00:00.000000,6,75,24325,875,67,801,1743,Champions
c842,2024-12-27T00:00:00.000000,4,21,7629,73,13,55,141,At Risk
c229,2024-12-21T00:00:00.000000,10,35,11865,239,27,201,467,At Risk
c541,2024-12-29T00:00:00.000000,2,74,23826,860,66,791,1717,Champions
c330,2024-12-10T00:00:00.000000,21,42,14608,414,34,358,806,Potential Loyalists
c539,2024-12-25T00:00:00.000000,6,44,14056,362,36,319,717,Potential Loyalists
c912,2024-12-20T00:00:00.000000,11,22,7528,79,14,53,146,At Risk
c869,2024-11-24T00:00:00.000000,37,31,9719,175,23,114,312,At Risk
c106,2024-12-20T00:00:00.000000,11,59,20141,736,51,673,1460,Loyal Customers
c861,2024-12-20T00:00:00.000000,11,52,15198,450,44,394,888,Potential Loyalists
c145,2024-12-27T00:00:00.000000,4,41,14009,354,33,316,703,Potential Loyalists
c770,2024-12-29T00:00:00.000000,2,87,28313,948,79,866,1893,Champions
c626,2024-11-10T00:00:00.000000,51,32,11068,238,24,164,426,At Risk
c353,2024-12-30T00:00:00.000000,1,46,15304,442,38,402,882,Potential Loyalists
c806,2024-12-31T00:00:00.000000,0,47,16553,517,39,477,1033,Potential Loyalists
c65,2024-12-29T00:00:00.000000,2,39,13361,309,31,275,615,Potential Loyalists
c956,2024-12-28T00:00:00.000000,3,36,10464,170,28,138,336,At Risk
c729,2024-12-27T00:00:00.000000,4,40,13860,338,32,301,671,Potential Loyalists
c18,2024-12-29T00:00:00.000000,2,63,19237,682,55,624,1361,Loyal Customers
c696,2024-12-16T00:00:00.000000,15,23,7327,79,15,48,142,At Risk
c878,2024-12-29T00:00:00.000000,2,53,15997,489,45,441,975,Potential Loyalists
c549,2024-12-28T00:00:00.000000,3,45,13955,349,37,308,694,Potential Loyalists
c679,2024-12-29T00:00:00.000000,2,55,17895,597,47,547,1191,Potential Loyalists
